{
  "nose": {
    "x": 0.4808959662914276,
    "y": 0.15543976426124573,
    "z": -0.7086045742034912,
    "visibility": 0.9999227523803711
  },
  "left_eye_inner": {
    "x": 0.4968585968017578,
    "y": 0.13678836822509766,
    "z": -0.6792483329772949,
    "visibility": 0.9998650550842285
  },
  "left_eye": {
    "x": 0.5099723935127258,
    "y": 0.13715475797653198,
    "z": -0.6800830960273743,
    "visibility": 0.9998683929443359
  },
  "left_eye_outer": {
    "x": 0.5177463889122009,
    "y": 0.1373833417892456,
    "z": -0.6799814701080322,
    "visibility": 0.9998935461044312
  },
  "right_eye_inner": {
    "x": 0.4662920832633972,
    "y": 0.13630551099777222,
    "z": -0.6586363911628723,
    "visibility": 0.9998762607574463
  },
  "right_eye": {
    "x": 0.4587433338165283,
    "y": 0.13610291481018066,
    "z": -0.6594589352607727,
    "visibility": 0.999887228012085
  },
  "right_eye_outer": {
    "x": 0.4502291679382324,
    "y": 0.1358923614025116,
    "z": -0.6599488258361816,
    "visibility": 0.9998874664306641
  },
  "left_ear": {
    "x": 0.5293937921524048,
    "y": 0.1404886543750763,
    "z": -0.44267746806144714,
    "visibility": 0.9999257326126099
  },
  "right_ear": {
    "x": 0.4387320578098297,
    "y": 0.13909858465194702,
    "z": -0.34547168016433716,
    "visibility": 0.9996930360794067
  },
  "mouth_left": {
    "x": 0.4977273643016815,
    "y": 0.1713409721851349,
    "z": -0.60751873254776,
    "visibility": 0.9998663663864136
  },
  "mouth_right": {
    "x": 0.4666213095188141,
    "y": 0.16915076971054077,
    "z": -0.5850268602371216,
    "visibility": 0.9998076558113098
  },
  "left_shoulder": {
    "x": 0.6139875054359436,
    "y": 0.24456800520420074,
    "z": -0.36178502440452576,
    "visibility": 0.9999858140945435
  },
  "right_shoulder": {
    "x": 0.3675956428050995,
    "y": 0.23836159706115723,
    "z": -0.05364961177110672,
    "visibility": 0.999882698059082
  },
  "left_elbow": {
    "x": 0.6296206712722778,
    "y": 0.38528868556022644,
    "z": -0.4032299220561981,
    "visibility": 0.9909766912460327
  },
  "right_elbow": {
    "x": 0.32690852880477905,
    "y": 0.37543541193008423,
    "z": -0.05556594952940941,
    "visibility": 0.8794884085655212
  },
  "left_wrist": {
    "x": 0.5448371171951294,
    "y": 0.4975242614746094,
    "z": -0.6552276611328125,
    "visibility": 0.9903674125671387
  },
  "right_wrist": {
    "x": 0.3468126654624939,
    "y": 0.4846464991569519,
    "z": -0.3950725197792053,
    "visibility": 0.9586952924728394
  },
  "left_pinky": {
    "x": 0.5202131867408752,
    "y": 0.526228129863739,
    "z": -0.7516874074935913,
    "visibility": 0.9868353605270386
  },
  "right_pinky": {
    "x": 0.35751664638519287,
    "y": 0.5121479034423828,
    "z": -0.4825025498867035,
    "visibility": 0.9573434591293335
  },
  "left_index": {
    "x": 0.4976062476634979,
    "y": 0.5151834487915039,
    "z": -0.7940804958343506,
    "visibility": 0.987903892993927
  },
  "right_index": {
    "x": 0.3676369786262512,
    "y": 0.5040237307548523,
    "z": -0.5425336956977844,
    "visibility": 0.961133599281311
  },
  "left_thumb": {
    "x": 0.5007637143135071,
    "y": 0.5034624338150024,
    "z": -0.6719331741333008,
    "visibility": 0.9799821376800537
  },
  "right_thumb": {
    "x": 0.37019455432891846,
    "y": 0.49406155943870544,
    "z": -0.4288545250892639,
    "visibility": 0.9469766616821289
  },
  "left_hip": {
    "x": 0.5302475690841675,
    "y": 0.5283439755439758,
    "z": -0.12473524361848831,
    "visibility": 0.9999362230300903
  },
  "right_hip": {
    "x": 0.4002431631088257,
    "y": 0.5194492340087891,
    "z": 0.12424226105213165,
    "visibility": 0.9998915195465088
  },
  "left_knee": {
    "x": 0.5084118843078613,
    "y": 0.7179096341133118,
    "z": -0.13720114529132843,
    "visibility": 0.9705587029457092
  },
  "right_knee": {
    "x": 0.38647574186325073,
    "y": 0.7127548456192017,
    "z": 0.17072400450706482,
    "visibility": 0.827524721622467
  },
  "left_ankle": {
    "x": 0.4922819435596466,
    "y": 0.8952733874320984,
    "z": 0.1151522845029831,
    "visibility": 0.9863989353179932
  },
  "right_ankle": {
    "x": 0.47205427289009094,
    "y": 0.8632757663726807,
    "z": 0.529577910900116,
    "visibility": 0.9267941117286682
  },
  "left_heel": {
    "x": 0.5041842460632324,
    "y": 0.9184391498565674,
    "z": 0.12173828482627869,
    "visibility": 0.9165806770324707
  },
  "right_heel": {
    "x": 0.5020730495452881,
    "y": 0.8806746006011963,
    "z": 0.5542923808097839,
    "visibility": 0.8526203036308289
  },
  "left_foot_index": {
    "x": 0.4580671489238739,
    "y": 0.9579201340675354,
    "z": -0.18589729070663452,
    "visibility": 0.9833885431289673
  },
  "right_foot_index": {
    "x": 0.3901102542877197,
    "y": 0.9233623743057251,
    "z": 0.33079472184181213,
    "visibility": 0.9364767074584961
  }
}